round,client_idx,eig_rank_desc,eig_value
10,0,1,1.1783425275315523e-38
10,0,2,3.556701571741908e-39
10,0,3,1.8023539061069792e-39
10,0,4,-1.4273275846589056e-39
10,0,5,-4.4422930152720105e-39
10,0,6,-5.375042444346359e-38
10,1,1,1.1783396467957168e-38
10,1,2,3.5566321041897257e-39
10,1,3,1.802349801599116e-39
10,1,4,-1.4273330389729669e-39
10,1,5,-4.442341303066669e-39
10,1,6,-5.37506104139241e-38
10,2,1,1.1465360641990906e-38
10,2,2,7.536412631888894e-40
10,2,3,8.705051800930893e-55
10,2,4,-2.396049994194444e-54
10,2,5,-1.6264875676461848e-39
10,2,6,-2.0989116098274394e-38
10,3,1,3.5389046502443856e-39
10,3,2,-8.142877652773253e-39
10,3,3,-5.328045478264909e-38
10,4,1,0.0
10,4,2,0.0
10,4,3,0.0
10,4,4,0.0
10,5,1,7.352233656196378e-39
10,5,2,2.786889615442786e-39
10,5,3,-1.8465547547986236e-39
10,5,4,-3.2551131380134495e-39
10,5,5,-1.3503611647113586e-38
10,6,1,1.4406019695422017e-38
10,6,2,2.1520463233905343e-39
10,6,3,7.946945718513832e-40
10,6,4,2.2944059290137453e-40
10,6,5,-7.507426391903874e-39
10,6,6,-4.054651778151677e-38
10,7,1,8.087989314305017e-39
10,7,2,1.7848259771086167e-56
10,7,3,-4.33377303492054e-56
10,7,4,-7.866609090996388e-40
10,7,5,-2.690179244738062e-39
10,8,1,1.4405026086597016e-38
10,8,2,2.1506319948128085e-39
10,8,3,7.926576454447653e-40
10,8,4,2.2904629403602574e-40
10,8,5,-7.507427748018005e-39
10,8,6,-4.05485779570155e-38
10,9,1,1.2186163140089737e-38
10,9,2,9.7068480765826e-40
10,9,3,3.119911198761805e-54
10,9,4,-6.745495384856825e-40
10,9,5,-1.8771967934594992e-39
10,9,6,-7.869321743824387e-39
10,9,7,-7.000673535551297e-38
10,10,1,4.1549423708669075e-39
10,10,2,-7.268330713940227e-40
10,10,3,-3.4876970789590706e-38
10,11,1,1.4405598814510677e-38
10,11,2,2.1514467670378308e-39
10,11,3,7.938321005649693e-40
10,11,4,2.2927402438276655e-40
10,11,5,-7.507426966087365e-39
10,11,6,-4.0547390225792706e-38
10,12,1,0.0
10,12,2,0.0
10,13,1,3.1241642349117055e-38
10,13,2,4.405222663606516e-39
10,13,3,2.131859373399971e-39
10,13,4,3.3918941234648936e-53
10,13,5,-8.784099360132807e-40
10,13,6,-9.971561784985765e-39
10,13,7,-1.549774431159777e-37
10,14,1,0.0
10,14,2,0.0
10,14,3,0.0
10,14,4,0.0
10,14,5,0.0
10,14,6,0.0
10,14,7,0.0
10,14,8,0.0
10,15,1,7.352234587001523e-39
10,15,2,2.7868911104766113e-39
10,15,3,-1.8465547542543992e-39
10,15,4,-3.2551131332720465e-39
10,15,5,-1.3503600065253545e-38
10,16,1,1.2670691246537306e-38
10,16,2,4.69073080672079e-39
10,16,3,1.3929624357990018e-39
10,16,4,-1.1479090347208567e-53
10,16,5,-4.094258632670506e-40
10,16,6,-1.7176653917339082e-39
10,16,7,-9.649793627841325e-38
10,17,1,5.5898575945611095e-39
10,17,2,5.863464218320232e-40
10,17,3,7.569937631570578e-87
10,17,4,-1.7332839993121204e-55
10,17,5,-4.35561182816997e-39
10,18,1,0.0
10,18,2,0.0
10,18,3,0.0
10,18,4,0.0
10,19,1,0.0
10,19,2,0.0
10,19,3,0.0
10,19,4,0.0
10,19,5,0.0
10,19,6,0.0
10,19,7,0.0
10,19,8,0.0
20,0,1,6.483633100952398e-38
20,0,2,5.6564599203111086e-39
20,0,3,2.0746186378812899e-53
20,0,4,-1.1259595364719428e-39
20,0,5,-1.4236870660396767e-38
20,0,6,-1.5034474243799234e-37
20,1,1,2.5644575188581443e-38
20,1,2,7.106559645582027e-39
20,1,3,-3.199139210875134e-54
20,1,4,-3.94991902868347e-39
20,1,5,-1.656113983342181e-38
20,1,6,-1.3782179343847843e-37
20,2,1,2.5644575188581443e-38
20,2,2,7.106559645582027e-39
20,2,3,-3.199139210875134e-54
20,2,4,-3.94991902868347e-39
20,2,5,-1.656113983342181e-38
20,2,6,-1.3782179343847843e-37
20,3,1,9.16560385359879e-39
20,3,2,-1.1244668090403994e-38
20,3,3,-1.7155735028781507e-37
20,4,1,0.0
20,4,2,0.0
20,4,3,0.0
20,4,4,0.0
20,5,1,1.5595577888484232e-39
20,5,2,1.2458027777163536e-55
20,5,3,2.613309975811464e-56
20,5,4,-4.875549521727274e-56
20,5,5,-4.109919103553734e-40
20,6,1,2.5644575188581443e-38
20,6,2,7.106559645582027e-39
20,6,3,-3.199139210875134e-54
20,6,4,-3.94991902868347e-39
20,6,5,-1.656113983342181e-38
20,6,6,-1.3782179343847843e-37
20,7,1,1.5595577888484232e-39
20,7,2,1.2458027777163536e-55
20,7,3,2.613309975811464e-56
20,7,4,-4.875549521727274e-56
20,7,5,-4.109919103553734e-40
20,8,1,2.5644575188581443e-38
20,8,2,7.106559645582027e-39
20,8,3,-3.199139210875134e-54
20,8,4,-3.94991902868347e-39
20,8,5,-1.656113983342181e-38
20,8,6,-1.3782179343847843e-37
20,9,1,2.485769127003539e-38
20,9,2,3.880880172066298e-40
20,9,3,5.594257215137295e-54
20,9,4,-5.7794781249341995e-53
20,9,5,-7.335833485654686e-39
20,9,6,-4.756510487098516e-38
20,9,7,-2.8916706101580695e-37
20,10,1,1.8451059436362398e-39
20,10,2,6.12402663717193e-40
20,10,3,-1.6433897401855702e-37
20,11,1,6.483633100952398e-38
20,11,2,5.6564599203111086e-39
20,11,3,2.0746186378812899e-53
20,11,4,-1.1259595364719428e-39
20,11,5,-1.4236870660396767e-38
20,11,6,-1.5034474243799234e-37
20,12,1,0.0
20,12,2,0.0
20,13,1,2.718807562270399e-38
20,13,2,3.166198044800213e-39
20,13,3,8.064894492713993e-54
20,13,4,-3.945796047290121e-54
20,13,5,-5.043800676388449e-39
20,13,6,-2.4305761351543723e-38
20,13,7,-2.140324331442784e-37
20,14,1,0.0
20,14,2,0.0
20,14,3,0.0
20,14,4,0.0
20,14,5,0.0
20,14,6,0.0
20,14,7,0.0
20,14,8,0.0
20,15,1,1.5595577888484232e-39
20,15,2,1.2458027777163536e-55
20,15,3,2.613309975811464e-56
20,15,4,-4.875549521727274e-56
20,15,5,-4.109919103553734e-40
20,16,1,2.718807562270399e-38
20,16,2,3.166198044800213e-39
20,16,3,8.064894492713993e-54
20,16,4,-3.945796047290121e-54
20,16,5,-5.043800676388449e-39
20,16,6,-2.4305761351543723e-38
20,16,7,-2.140324331442784e-37
20,17,1,1.5595577888484232e-39
20,17,2,1.2458027777163536e-55
20,17,3,2.613309975811464e-56
20,17,4,-4.875549521727274e-56
20,17,5,-4.109919103553734e-40
20,18,1,0.0
20,18,2,0.0
20,18,3,0.0
20,18,4,0.0
20,19,1,0.0
20,19,2,0.0
20,19,3,0.0
20,19,4,0.0
20,19,5,0.0
20,19,6,0.0
20,19,7,0.0
20,19,8,0.0
30,0,1,1.1459613643597765e-38
30,0,2,7.42642837428801e-40
30,0,3,1.8439725878619753e-54
30,0,4,5.499297020775426e-56
30,0,5,-1.648357199830536e-39
30,0,6,-2.102790395214264e-38
30,1,1,1.455209102229714e-38
30,1,2,7.96200813634899e-39
30,1,3,4.268954157670252e-41
30,1,4,-6.137478497009001e-41
30,1,5,-1.0336029689823248e-38
30,1,6,-6.13267456327232e-38
30,2,1,1.455209102229714e-38
30,2,2,7.96200813634899e-39
30,2,3,4.268954157670252e-41
30,2,4,-6.137478497009001e-41
30,2,5,-1.0336029689823248e-38
30,2,6,-6.13267456327232e-38
30,3,1,3.895446654789957e-39
30,3,2,-6.0795505658842235e-40
30,3,3,-4.087764450171232e-38
30,4,1,0.0
30,4,2,0.0
30,4,3,0.0
30,4,4,0.0
30,5,1,1.783489313937261e-55
30,5,2,-2.8298997121333476e-73
30,5,3,-1.1231162974325558e-57
30,5,4,-8.995309280706592e-57
30,5,5,-7.831927182034619e-40
30,6,1,5.155554324734886e-39
30,6,2,1.3206174472233147e-40
30,6,3,1.7016167721753652e-54
30,6,4,-1.136227551586159e-55
30,6,5,-4.665664057100561e-39
30,6,6,-1.2197983250267238e-38
30,7,1,1.783489313937261e-55
30,7,2,-2.8298997121333476e-73
30,7,3,-1.1231162974325558e-57
30,7,4,-8.995309280706592e-57
30,7,5,-7.831927182034619e-40
30,8,1,1.455209102229714e-38
30,8,2,7.96200813634899e-39
30,8,3,4.268954157670252e-41
30,8,4,-6.137478497009001e-41
30,8,5,-1.0336029689823248e-38
30,8,6,-6.13267456327232e-38
30,9,1,4.8042046951714826e-39
30,9,2,1.1068945156427218e-39
30,9,3,1.2689868303711956e-40
30,9,4,6.525304467998468e-55
30,9,5,-2.983526460554232e-39
30,9,6,-4.082827854251842e-39
30,9,7,-6.121777538505605e-38
30,10,1,5.969988847331577e-39
30,10,2,-3.5350031788521584e-39
30,10,3,-4.2963875850344373e-38
30,11,1,1.4394023173388454e-38
30,11,2,2.1352237066224376e-39
30,11,3,7.699235254883046e-40
30,11,4,2.2442014875221417e-40
30,11,5,-7.507442903567749e-39
30,11,6,-4.0571513739465626e-38
30,12,1,0.0
30,12,2,0.0
30,13,1,6.000210123268323e-39
30,13,2,3.368338407564828e-39
30,13,3,2.307583728512301e-40
30,13,4,-1.0834251775651556e-53
30,13,5,-8.286712335423065e-40
30,13,6,-1.353169985955569e-38
30,13,7,-8.915519693682887e-38
30,14,1,0.0
30,14,2,0.0
30,14,3,0.0
30,14,4,0.0
30,14,5,0.0
30,14,6,0.0
30,14,7,0.0
30,14,8,0.0
30,15,1,1.783489313937261e-55
30,15,2,-2.8298997121333476e-73
30,15,3,-1.1231162974325558e-57
30,15,4,-8.995309280706592e-57
30,15,5,-7.831927182034619e-40
30,16,1,6.000210123268323e-39
30,16,2,3.368338407564828e-39
30,16,3,2.307583728512301e-40
30,16,4,-1.0834251775651556e-53
30,16,5,-8.286712335423065e-40
30,16,6,-1.353169985955569e-38
30,16,7,-8.915519693682887e-38
30,17,1,1.783489313937261e-55
30,17,2,-2.8298997121333476e-73
30,17,3,-1.1231162974325558e-57
30,17,4,-8.995309280706592e-57
30,17,5,-7.831927182034619e-40
30,18,1,0.0
30,18,2,0.0
30,18,3,0.0
30,18,4,0.0
30,19,1,0.0
30,19,2,0.0
30,19,3,0.0
30,19,4,0.0
30,19,5,0.0
30,19,6,0.0
30,19,7,0.0
30,19,8,0.0
40,0,1,2.357185105649944e-38
40,0,2,7.125455398700565e-39
40,0,3,3.6054174989512695e-39
40,0,4,-2.8537094571176186e-39
40,0,5,-8.876221827449856e-39
40,0,6,-1.0746861794870911e-37
40,1,1,5.1044402271389887e-39
40,1,2,3.6730210956630684e-54
40,1,3,1.361859795943268e-56
40,1,4,-1.3204480212904707e-55
40,1,5,-5.7045201922009656e-39
40,1,6,-2.8949552145423265e-38
40,2,1,5.1044402271389887e-39
40,2,2,3.6730210956630684e-54
40,2,3,1.361859795943268e-56
40,2,4,-1.3204480212904707e-55
40,2,5,-5.7045201922009656e-39
40,2,6,-2.8949552145423265e-38
40,3,1,1.2374049513601218e-39
40,3,2,-1.0232840068273578e-38
40,3,3,-7.720409046560647e-38
40,4,1,0.0
40,4,2,0.0
40,4,3,0.0
40,4,4,0.0
40,5,1,1.3169680428473328e-38
40,5,2,1.5302613239478425e-40
40,5,3,5.709641409498708e-55
40,5,4,-7.452564245171659e-39
40,5,5,-1.1256467365852826e-38
40,6,1,5.1044402271389887e-39
40,6,2,3.6730210956630684e-54
40,6,3,1.361859795943268e-56
40,6,4,-1.3204480212904707e-55
40,6,5,-5.7045201922009656e-39
40,6,6,-2.8949552145423265e-38
40,7,1,1.3169680428473328e-38
40,7,2,1.5302613239478425e-40
40,7,3,5.709641409498708e-55
40,7,4,-7.452564245171659e-39
40,7,5,-1.1256467365852826e-38
40,8,1,5.1044402271389887e-39
40,8,2,3.6730210956630684e-54
40,8,3,1.361859795943268e-56
40,8,4,-1.3204480212904707e-55
40,8,5,-5.7045201922009656e-39
40,8,6,-2.8949552145423265e-38
40,9,1,1.902288829098085e-38
40,9,2,7.019634861459537e-39
40,9,3,1.2203469225259099e-53
40,9,4,3.946659333037354e-54
40,9,5,-2.9803893540045677e-39
40,9,6,-2.0545951170153073e-38
40,9,7,-3.789518305860525e-37
40,10,1,1.2374049513601218e-39
40,10,2,-1.0232840068273578e-38
40,10,3,-7.720409046560647e-38
40,11,1,5.1044402271389887e-39
40,11,2,3.6730210956630684e-54
40,11,3,1.361859795943268e-56
40,11,4,-1.3204480212904707e-55
40,11,5,-5.7045201922009656e-39
40,11,6,-2.8949552145423265e-38
40,12,1,0.0
40,12,2,0.0
40,13,1,1.902288829098085e-38
40,13,2,7.019634861459537e-39
40,13,3,1.2203469225259099e-53
40,13,4,3.946659333037354e-54
40,13,5,-2.9803893540045677e-39
40,13,6,-2.0545951170153073e-38
40,13,7,-3.789518305860525e-37
40,14,1,0.0
40,14,2,0.0
40,14,3,0.0
40,14,4,0.0
40,14,5,0.0
40,14,6,0.0
40,14,7,0.0
40,14,8,0.0
40,15,1,1.3169680428473328e-38
40,15,2,1.5302613239478425e-40
40,15,3,5.709641409498708e-55
40,15,4,-7.452564245171659e-39
40,15,5,-1.1256467365852826e-38
40,16,1,1.902288829098085e-38
40,16,2,7.019634861459537e-39
40,16,3,1.2203469225259099e-53
40,16,4,3.946659333037354e-54
40,16,5,-2.9803893540045677e-39
40,16,6,-2.0545951170153073e-38
40,16,7,-3.789518305860525e-37
40,17,1,1.3169680428473328e-38
40,17,2,1.5302613239478425e-40
40,17,3,5.709641409498708e-55
40,17,4,-7.452564245171659e-39
40,17,5,-1.1256467365852826e-38
40,18,1,0.0
40,18,2,0.0
40,18,3,0.0
40,18,4,0.0
40,19,1,0.0
40,19,2,0.0
40,19,3,0.0
40,19,4,0.0
40,19,5,0.0
40,19,6,0.0
40,19,7,0.0
40,19,8,0.0
50,0,1,6.263654185798473e-39
50,0,2,2.5798979921907848e-39
50,0,3,6.107612842619647e-55
50,0,4,-1.6852001877130598e-39
50,0,5,-8.321496237854388e-39
50,0,6,-2.1818201364418143e-38
50,1,1,6.263654185798473e-39
50,1,2,2.5798979921907848e-39
50,1,3,6.107612842619647e-55
50,1,4,-1.6852001877130598e-39
50,1,5,-8.321496237854388e-39
50,1,6,-2.1818201364418143e-38
50,2,1,6.263654185798473e-39
50,2,2,2.5798979921907848e-39
50,2,3,6.107612842619647e-55
50,2,4,-1.6852001877130598e-39
50,2,5,-8.321496237854388e-39
50,2,6,-2.1818201364418143e-38
50,3,1,4.2448405134784385e-39
50,3,2,-4.5951218251918385e-39
50,3,3,-5.871139132632846e-38
50,4,1,0.0
50,4,2,0.0
50,4,3,0.0
50,4,4,0.0
50,5,1,8.55781575090403e-39
50,5,2,1.5338731594320872e-40
50,5,3,-4.07831529249931e-56
50,5,4,-1.8519334259718433e-39
50,5,5,-8.14954603046869e-39
50,6,1,6.263654185798473e-39
50,6,2,2.5798979921907848e-39
50,6,3,6.107612842619647e-55
50,6,4,-1.6852001877130598e-39
50,6,5,-8.321496237854388e-39
50,6,6,-2.1818201364418143e-38
50,7,1,8.55781575090403e-39
50,7,2,1.5338731594320872e-40
50,7,3,-4.07831529249931e-56
50,7,4,-1.8519334259718433e-39
50,7,5,-8.14954603046869e-39
50,8,1,6.263654185798473e-39
50,8,2,2.5798979921907848e-39
50,8,3,6.107612842619647e-55
50,8,4,-1.6852001877130598e-39
50,8,5,-8.321496237854388e-39
50,8,6,-2.1818201364418143e-38
50,9,1,2.069529663261957e-38
50,9,2,8.541774718950064e-39
50,9,3,2.733163948251284e-53
50,9,4,-4.750543349866393e-41
50,9,5,-5.469125994867534e-39
50,9,6,-1.8785679693574733e-38
50,9,7,-2.226061830581287e-37
50,10,1,4.2448405134784385e-39
50,10,2,-4.5951218251918385e-39
50,10,3,-5.871139132632846e-38
50,11,1,6.263654185798473e-39
50,11,2,2.5798979921907848e-39
50,11,3,6.107612842619647e-55
50,11,4,-1.6852001877130598e-39
50,11,5,-8.321496237854388e-39
50,11,6,-2.1818201364418143e-38
50,12,1,0.0
50,12,2,0.0
50,13,1,2.069529663261957e-38
50,13,2,8.541774718950064e-39
50,13,3,2.733163948251284e-53
50,13,4,-4.750543349866393e-41
50,13,5,-5.469125994867534e-39
50,13,6,-1.8785679693574733e-38
50,13,7,-2.226061830581287e-37
50,14,1,0.0
50,14,2,0.0
50,14,3,0.0
50,14,4,0.0
50,14,5,0.0
50,14,6,0.0
50,14,7,0.0
50,14,8,0.0
50,15,1,8.55781575090403e-39
50,15,2,1.5338731594320872e-40
50,15,3,-4.07831529249931e-56
50,15,4,-1.8519334259718433e-39
50,15,5,-8.14954603046869e-39
50,16,1,2.069529663261957e-38
50,16,2,8.541774718950064e-39
50,16,3,2.733163948251284e-53
50,16,4,-4.750543349866393e-41
50,16,5,-5.469125994867534e-39
50,16,6,-1.8785679693574733e-38
50,16,7,-2.226061830581287e-37
50,17,1,8.55781575090403e-39
50,17,2,1.5338731594320872e-40
50,17,3,-4.07831529249931e-56
50,17,4,-1.8519334259718433e-39
50,17,5,-8.14954603046869e-39
50,18,1,0.0
50,18,2,0.0
50,18,3,0.0
50,18,4,0.0
50,19,1,0.0
50,19,2,0.0
50,19,3,0.0
50,19,4,0.0
50,19,5,0.0
50,19,6,0.0
50,19,7,0.0
50,19,8,0.0
60,0,1,1.0314917934489436e-38
60,0,2,2.784523664907179e-40
60,0,3,3.1380644009749175e-54
60,0,4,-6.913214336947854e-56
60,0,5,-9.078111323600615e-39
60,0,6,-2.377725327758397e-38
60,1,1,1.0314917934489436e-38
60,1,2,2.784523664907179e-40
60,1,3,3.1380644009749175e-54
60,1,4,-6.913214336947854e-56
60,1,5,-9.078111323600615e-39
60,1,6,-2.377725327758397e-38
60,2,1,1.0314917934489436e-38
60,2,2,2.784523664907179e-40
60,2,3,3.1380644009749175e-54
60,2,4,-6.913214336947854e-56
60,2,5,-9.078111323600615e-39
60,2,6,-2.377725327758397e-38
60,3,1,8.637036579394172e-39
60,3,2,-9.879856778716715e-40
60,3,3,-7.97776943921438e-38
60,4,1,0.0
60,4,2,0.0
60,4,3,0.0
60,4,4,0.0
60,5,1,8.522159232955495e-39
60,5,2,4.490756729028139e-55
60,5,3,-3.675093670528313e-55
60,5,4,-1.1880545066396487e-39
60,5,5,-5.328835413479317e-39
60,6,1,1.0314917934489436e-38
60,6,2,2.784523664907179e-40
60,6,3,3.1380644009749175e-54
60,6,4,-6.913214336947854e-56
60,6,5,-9.078111323600615e-39
60,6,6,-2.377725327758397e-38
60,7,1,8.522159232955495e-39
60,7,2,4.490756729028139e-55
60,7,3,-3.675093670528313e-55
60,7,4,-1.1880545066396487e-39
60,7,5,-5.328835413479317e-39
60,8,1,1.0314917934489436e-38
60,8,2,2.784523664907179e-40
60,8,3,3.1380644009749175e-54
60,8,4,-6.913214336947854e-56
60,8,5,-9.078111323600615e-39
60,8,6,-2.377725327758397e-38
60,9,1,2.2075712375230883e-38
60,9,2,6.068113667961688e-39
60,9,3,3.7135911947401176e-54
60,9,4,-7.118984463977073e-54
60,9,5,-7.009162716402828e-39
60,9,6,-1.5148699099328737e-38
60,9,7,-1.4692795840831448e-37
60,10,1,8.637036579394172e-39
60,10,2,-9.879856778716715e-40
60,10,3,-7.97776943921438e-38
60,11,1,1.0314917934489436e-38
60,11,2,2.784523664907179e-40
60,11,3,3.1380644009749175e-54
60,11,4,-6.913214336947854e-56
60,11,5,-9.078111323600615e-39
60,11,6,-2.377725327758397e-38
60,12,1,0.0
60,12,2,0.0
60,13,1,2.2075712375230883e-38
60,13,2,6.068113667961688e-39
60,13,3,3.7135911947401176e-54
60,13,4,-7.118984463977073e-54
60,13,5,-7.009162716402828e-39
60,13,6,-1.5148699099328737e-38
60,13,7,-1.4692795840831448e-37
60,14,1,0.0
60,14,2,0.0
60,14,3,0.0
60,14,4,0.0
60,14,5,0.0
60,14,6,0.0
60,14,7,0.0
60,14,8,0.0
60,15,1,8.522159232955495e-39
60,15,2,4.490756729028139e-55
60,15,3,-3.675093670528313e-55
60,15,4,-1.1880545066396487e-39
60,15,5,-5.328835413479317e-39
60,16,1,2.2075712375230883e-38
60,16,2,6.068113667961688e-39
60,16,3,3.7135911947401176e-54
60,16,4,-7.118984463977073e-54
60,16,5,-7.009162716402828e-39
60,16,6,-1.5148699099328737e-38
60,16,7,-1.4692795840831448e-37
60,17,1,8.522159232955495e-39
60,17,2,4.490756729028139e-55
60,17,3,-3.675093670528313e-55
60,17,4,-1.1880545066396487e-39
60,17,5,-5.328835413479317e-39
60,18,1,0.0
60,18,2,0.0
60,18,3,0.0
60,18,4,0.0
60,19,1,0.0
60,19,2,0.0
60,19,3,0.0
60,19,4,0.0
60,19,5,0.0
60,19,6,0.0
60,19,7,0.0
60,19,8,0.0
70,0,1,1.559231144251089e-38
70,0,2,2.2717816207019396e-39
70,0,3,-1.1419282818447498e-54
70,0,4,-1.4174995598132117e-39
70,0,5,-1.8793010508267037e-39
70,0,6,-2.866021942158774e-38
70,1,1,1.559231144251089e-38
70,1,2,2.2717816207019396e-39
70,1,3,-1.1419282818447498e-54
70,1,4,-1.4174995598132117e-39
70,1,5,-1.8793010508267037e-39
70,1,6,-2.866021942158774e-38
70,2,1,1.559231144251089e-38
70,2,2,2.2717816207019396e-39
70,2,3,-1.1419282818447498e-54
70,2,4,-1.4174995598132117e-39
70,2,5,-1.8793010508267037e-39
70,2,6,-2.866021942158774e-38
70,3,1,3.78508854868747e-39
70,3,2,9.001968246199205e-40
70,3,3,-5.300389212421535e-38
70,4,1,0.0
70,4,2,0.0
70,4,3,0.0
70,4,4,0.0
70,5,1,5.8662382404881346e-39
70,5,2,1.4090893395035398e-39
70,5,3,-2.905799645905595e-55
70,5,4,-1.973688218929841e-39
70,5,5,-6.996666799090702e-39
70,6,1,1.559231144251089e-38
70,6,2,2.2717816207019396e-39
70,6,3,-1.1419282818447498e-54
70,6,4,-1.4174995598132117e-39
70,6,5,-1.8793010508267037e-39
70,6,6,-2.866021942158774e-38
70,7,1,5.8662382404881346e-39
70,7,2,1.4090893395035398e-39
70,7,3,-2.905799645905595e-55
70,7,4,-1.973688218929841e-39
70,7,5,-6.996666799090702e-39
70,8,1,1.559231144251089e-38
70,8,2,2.2717816207019396e-39
70,8,3,-1.1419282818447498e-54
70,8,4,-1.4174995598132117e-39
70,8,5,-1.8793010508267037e-39
70,8,6,-2.866021942158774e-38
70,9,1,2.002654793189274e-38
70,9,2,8.381615829170253e-39
70,9,3,1.0390965091973305e-39
70,9,4,2.6313965985504417e-40
70,9,5,1.0284603103910628e-53
70,9,6,-8.135170602141285e-39
70,9,7,-1.541163523346955e-37
70,10,1,3.78508854868747e-39
70,10,2,9.001968246199205e-40
70,10,3,-5.300389212421535e-38
70,11,1,1.559231144251089e-38
70,11,2,2.2717816207019396e-39
70,11,3,-1.1419282818447498e-54
70,11,4,-1.4174995598132117e-39
70,11,5,-1.8793010508267037e-39
70,11,6,-2.866021942158774e-38
70,12,1,0.0
70,12,2,0.0
70,13,1,2.002654793189274e-38
70,13,2,8.381615829170253e-39
70,13,3,1.0390965091973305e-39
70,13,4,2.6313965985504417e-40
70,13,5,1.0284603103910628e-53
70,13,6,-8.135170602141285e-39
70,13,7,-1.541163523346955e-37
70,14,1,0.0
70,14,2,0.0
70,14,3,0.0
70,14,4,0.0
70,14,5,0.0
70,14,6,0.0
70,14,7,0.0
70,14,8,0.0
70,15,1,5.8662382404881346e-39
70,15,2,1.4090893395035398e-39
70,15,3,-2.905799645905595e-55
70,15,4,-1.973688218929841e-39
70,15,5,-6.996666799090702e-39
70,16,1,2.002654793189274e-38
70,16,2,8.381615829170253e-39
70,16,3,1.0390965091973305e-39
70,16,4,2.6313965985504417e-40
70,16,5,1.0284603103910628e-53
70,16,6,-8.135170602141285e-39
70,16,7,-1.541163523346955e-37
70,17,1,5.8662382404881346e-39
70,17,2,1.4090893395035398e-39
70,17,3,-2.905799645905595e-55
70,17,4,-1.973688218929841e-39
70,17,5,-6.996666799090702e-39
70,18,1,0.0
70,18,2,0.0
70,18,3,0.0
70,18,4,0.0
70,19,1,0.0
70,19,2,0.0
70,19,3,0.0
70,19,4,0.0
70,19,5,0.0
70,19,6,0.0
70,19,7,0.0
70,19,8,0.0
80,0,1,2.2240725210960342e-38
80,0,2,6.592195228339234e-39
80,0,3,-2.358938158056359e-53
80,0,4,-3.7729065376513424e-39
80,0,5,-4.855983032693668e-39
80,0,6,-1.634113492584394e-37
80,1,1,2.2240725210960342e-38
80,1,2,6.592195228339234e-39
80,1,3,-2.358938158056359e-53
80,1,4,-3.7729065376513424e-39
80,1,5,-4.855983032693668e-39
80,1,6,-1.634113492584394e-37
80,2,1,2.2240725210960342e-38
80,2,2,6.592195228339234e-39
80,2,3,-2.358938158056359e-53
80,2,4,-3.7729065376513424e-39
80,2,5,-4.855983032693668e-39
80,2,6,-1.634113492584394e-37
80,3,1,5.331661470371879e-39
80,3,2,-1.7778875315086163e-39
80,3,3,-6.465521725923181e-38
80,4,1,0.0
80,4,2,0.0
80,4,3,0.0
80,4,4,0.0
80,5,1,3.695029622287121e-39
80,5,2,1.526261271863634e-39
80,5,3,2.205167459081667e-56
80,5,4,-8.195193044939994e-56
80,5,5,-9.384590670613715e-39
80,6,1,2.2240725210960342e-38
80,6,2,6.592195228339234e-39
80,6,3,-2.358938158056359e-53
80,6,4,-3.7729065376513424e-39
80,6,5,-4.855983032693668e-39
80,6,6,-1.634113492584394e-37
80,7,1,3.695029622287121e-39
80,7,2,1.526261271863634e-39
80,7,3,2.205167459081667e-56
80,7,4,-8.195193044939994e-56
80,7,5,-9.384590670613715e-39
80,8,1,2.2240725210960342e-38
80,8,2,6.592195228339234e-39
80,8,3,-2.358938158056359e-53
80,8,4,-3.7729065376513424e-39
80,8,5,-4.855983032693668e-39
80,8,6,-1.634113492584394e-37
80,9,1,2.1998700260110631e-38
80,9,2,7.322511060295234e-39
80,9,3,1.5817641577969464e-39
80,9,4,-2.651203081933382e-53
80,9,5,-9.082619365243602e-39
80,9,6,-5.21737916433054e-38
80,9,7,-4.708936105543076e-37
80,10,1,5.331661470371879e-39
80,10,2,-1.7778875315086163e-39
80,10,3,-6.465521725923181e-38
80,11,1,2.2240725210960342e-38
80,11,2,6.592195228339234e-39
80,11,3,-2.358938158056359e-53
80,11,4,-3.7729065376513424e-39
80,11,5,-4.855983032693668e-39
80,11,6,-1.634113492584394e-37
80,12,1,0.0
80,12,2,0.0
80,13,1,2.1998700260110631e-38
80,13,2,7.322511060295234e-39
80,13,3,1.5817641577969464e-39
80,13,4,-2.651203081933382e-53
80,13,5,-9.082619365243602e-39
80,13,6,-5.21737916433054e-38
80,13,7,-4.708936105543076e-37
80,14,1,0.0
80,14,2,0.0
80,14,3,0.0
80,14,4,0.0
80,14,5,0.0
80,14,6,0.0
80,14,7,0.0
80,14,8,0.0
80,15,1,3.695029622287121e-39
80,15,2,1.526261271863634e-39
80,15,3,2.205167459081667e-56
80,15,4,-8.195193044939994e-56
80,15,5,-9.384590670613715e-39
80,16,1,2.1998700260110631e-38
80,16,2,7.322511060295234e-39
80,16,3,1.5817641577969464e-39
80,16,4,-2.651203081933382e-53
80,16,5,-9.082619365243602e-39
80,16,6,-5.21737916433054e-38
80,16,7,-4.708936105543076e-37
80,17,1,3.695029622287121e-39
80,17,2,1.526261271863634e-39
80,17,3,2.205167459081667e-56
80,17,4,-8.195193044939994e-56
80,17,5,-9.384590670613715e-39
80,18,1,0.0
80,18,2,0.0
80,18,3,0.0
80,18,4,0.0
80,19,1,0.0
80,19,2,0.0
80,19,3,0.0
80,19,4,0.0
80,19,5,0.0
80,19,6,0.0
80,19,7,0.0
80,19,8,0.0
